{
    "_comment": "DO NOT EDIT: FILE GENERATED AUTOMATICALLY BY PTERODACTYL PANEL - PTERODACTYL.IO",
    "meta": {
        "version": "PTDL_v2",
        "update_url": null
    },
    "exported_at": "2024-10-05T18:27:14+02:00",
    "name": "SpaceOS Cloud",
    "author": "hetzner@is-a.space",
    "description": "SpaceOS, an ultra-lightweight, flexible, and highly customizable operating system built entirely in Python. github.com/thestupidadmin/spaceos",
    "features": null,
    "docker_images": {
        "quay.io\/yajtpg\/pterodactyl-images:python-3.11": "quay.io\/yajtpg\/pterodactyl-images:python-3.11"
    },
    "file_denylist": [],
    "startup": "# Made by discord.gg\/hetzner\r\n\/start.sh",
    "config": {
        "files": "{}",
        "startup": "{\r\n    \"done\": \"\",\r\n    \"userInteraction\": []\r\n}",
        "logs": "{\r\n    \"custom\": true,\r\n    \"location\": \"logs\/latest.log\"\r\n}",
        "stop": "^C"
    },
    "scripts": {
        "installation": {
            "script": null,
            "container": "alpine:3",
            "entrypoint": "ash"
        }
    },
    "variables": [
        {
            "name": "Auto Update (You cant change)",
            "description": "SpaceOS Cloud is by discord.gg\/hetzner",
            "env_variable": "STARTUP_CMD",
            "default_value": "wget -O os.py https:\/\/raw.githubusercontent.com\/thestupidadmin\/spaceos\/refs\/heads\/main\/cloud.py",
            "user_viewable": true,
            "user_editable": false,
            "rules": "string",
            "field_type": "text"
        },
        {
            "name": "Startup",
            "description": "SpaceOS Cloud is by discord.gg\/hetzner",
            "env_variable": "SECOND_CMD",
            "default_value": "python3 os.py",
            "user_viewable": true,
            "user_editable": false,
            "rules": "string",
            "field_type": "text"
        }
    ]
}
